Number of Dense Layers 1,Number of Dense Layers 2,Test Accuracy
512,10,0.973699987
256,10,0.842700005
128,10,0.113499999
64,10,0.113499999
32,10,0.113499999
16,10,0.113499999